{"cameraMode":{"drawMode":0,"name":"Shaded","section":"Shading Mode"},"sceneLighting":false,"audioPlay":false,"sceneViewState":{"showFog":true,"showMaterialUpdate":false,"showSkybox":true,"showFlares":true,"showImageEffects":true,"showParticleSystems":true},"in2DMode":false,"pivot":{"x":1.6795624494552613,"y":2.594738721847534,"z":-17.182092666625978},"rotation":{"x":-0.017894404008984567,"y":0.7203118205070496,"z":-0.018595121800899507,"w":-0.6931702494621277},"size":2.620440721511841,"orthographic":false}