{"cameraMode":{"drawMode":0,"name":"Shaded","section":"Shading Mode"},"sceneLighting":false,"audioPlay":false,"sceneViewState":{"showFog":true,"showMaterialUpdate":false,"showSkybox":true,"showFlares":true,"showImageEffects":true,"showParticleSystems":true},"in2DMode":false,"pivot":{"x":-11.525538444519043,"y":-2.267692804336548,"z":1.9389400482177735},"rotation":{"x":0.12431903928518295,"y":-0.4819248616695404,"z":0.06929504126310349,"w":0.8645759224891663},"size":22.0,"orthographic":false}