{"cameraMode":{"drawMode":0,"name":"Shaded","section":"Shading Mode"},"sceneLighting":false,"audioPlay":false,"sceneViewState":{"showFog":true,"showMaterialUpdate":false,"showSkybox":true,"showFlares":true,"showImageEffects":true,"showParticleSystems":true},"in2DMode":false,"pivot":{"x":-6.670006275177002,"y":3.400001049041748,"z":-2.6599977016448976},"rotation":{"x":-0.013998164795339108,"y":-0.7075685262680054,"z":0.014025689102709294,"w":-0.7063668966293335},"size":25.873716354370118,"orthographic":false}