{"cameraMode":{"drawMode":0,"name":"Shaded","section":"Shading Mode"},"sceneLighting":false,"audioPlay":false,"sceneViewState":{"showFog":true,"showMaterialUpdate":false,"showSkybox":true,"showFlares":true,"showImageEffects":true,"showParticleSystems":true},"in2DMode":false,"pivot":{"x":-6.670000076293945,"y":0.7890000343322754,"z":-1.7800002098083497},"rotation":{"x":-0.01191466674208641,"y":-0.7054850459098816,"z":0.011867244727909565,"w":-0.7085253000259399},"size":19.405366897583009,"orthographic":false}