{"cameraMode":{"drawMode":0,"name":"Shaded","section":"Shading Mode"},"sceneLighting":true,"audioPlay":false,"sceneViewState":{"showFog":true,"showMaterialUpdate":false,"showSkybox":true,"showFlares":true,"showImageEffects":true,"showParticleSystems":true},"in2DMode":false,"pivot":{"x":15.789985656738282,"y":108.9339370727539,"z":177.00845336914063},"rotation":{"x":0.01396855991333723,"y":-0.9675257205963135,"z":0.24635666608810426,"w":0.05483831465244293},"size":5.435296058654785,"orthographic":false}